AÑO,ID_REGION,NOMBRE_REGION,ID_DEPARTAMENTO,NOMBRE_DEPARTAMENTO,ID_MUNICIPIO,NOMBRE_MUNICIPIO,ID_INSTITUCION,NOMBRE_INSTITUCION,ID_PROGRAMA_ACAD,NOMBRE_PROGRAMA_ACAD,promedio_global_anual,promedio_global_anterior,variacion_anual,variacion_porcentual,promedio_movil_2_anios,desviacion_historica_2_anios,crecimiento_acumulado_desde_inicio,anios_historicos_disponibles,prediccion_modelo,tiene_prediccion_test,valor_real_test,prediccion_test,residuo_test,error_absoluto_test,split_prediccion,modelo_prediccion,valor_observado_reciente,fuente_evidencia,bandera_desempeno_bajo,bandera_desempeno_alto,bandera_tendencia_descendente,bandera_tendencia_positiva,bandera_volatilidad_alta,bandera_estabilidad,bandera_error_modelo_alto,categoria_recomendacion,texto_recomendacion
2024,2.0,ANDINA,4.0,BOGOTÁ,152.0,BOGOTÁ D.C.,9003.0,COLEGIO MAYOR DE NUESTRA SEÑORA DEL ROSARIO,570.0,MEDICINA,193.0,189.0,4.0,2.1164021164021163,188.0,1.4142135623730951,9.0,4,186.86620159058674,True,193.0,186.86620159058674,6.133798409413259,6.133798409413259,test,Random Forest,193.0,test_2024_con_prediccion,False,True,False,True,False,False,False,fortaleza_destacada,"El programa MEDICINA de COLEGIO MAYOR DE NUESTRA SEÑORA DEL ROSARIO en BOGOTÁ D.C., BOGOTÁ, presenta categoría 'fortaleza_destacada'. La evidencia reciente corresponde al año 2024: PROMEDIO_GLOBAL observado=193.00. El modelo limpio predijo 186.87 en test 2024 con error absoluto=6.13. Frente al año anterior, la variación fue 4.00 puntos y el promedio móvil de 2 años previo fue 188.00. La volatilidad histórica reciente fue 1.41. Recomendación: documentar buenas prácticas y mantener seguimiento, porque el desempeño reciente es alto y estable o en mejora. Esta lectura es descriptiva y no demuestra causalidad."
2024,2.0,ANDINA,20.0,QUINDIO,824.0,ARMENIA,9156.0,CORPORACION UNIVERSITARIA EMPRESARIAL ALEXANDER VON HUMBOLDT,8999.0,MEDICINA,155.0,157.0,-2.0,-1.2738853503184715,153.0,5.656854249492381,-7.0,4,152.09364998198313,True,155.0,152.09364998198313,2.906350018016866,2.906350018016866,test,Random Forest,155.0,test_2024_con_prediccion,False,False,False,False,True,False,False,alta_volatilidad,"El programa MEDICINA de CORPORACION UNIVERSITARIA EMPRESARIAL ALEXANDER VON HUMBOLDT en ARMENIA, QUINDIO, presenta categoría 'alta_volatilidad'. La evidencia reciente corresponde al año 2024: PROMEDIO_GLOBAL observado=155.00. El modelo limpio predijo 152.09 en test 2024 con error absoluto=2.91. Frente al año anterior, la variación fue -2.00 puntos y el promedio móvil de 2 años previo fue 153.00. La volatilidad histórica reciente fue 5.66. Recomendación: interpretar con cautela y revisar estabilidad de cohortes, porque la variabilidad histórica reciente es alta. Esta lectura es descriptiva y no demuestra causalidad."
2024,3.0,CARIBE,5.0,BOLIVAR,153.0,CARTAGENA DE INDIAS,9084.0,CORPORACION UNIVERSITARIA RAFAEL NUÑEZ,5661.0,MEDICINA,146.0,143.0,3.0,2.097902097902098,144.0,1.4142135623730951,-2.0,4,148.57687579740517,True,146.0,148.57687579740517,-2.5768757974051653,2.5768757974051653,test,Random Forest,146.0,test_2024_con_prediccion,True,False,False,False,False,False,False,desempeno_bajo,"El programa MEDICINA de CORPORACION UNIVERSITARIA RAFAEL NUÑEZ en CARTAGENA DE INDIAS, BOLIVAR, presenta categoría 'desempeno_bajo'. La evidencia reciente corresponde al año 2024: PROMEDIO_GLOBAL observado=146.00. El modelo limpio predijo 148.58 en test 2024 con error absoluto=2.58. Frente al año anterior, la variación fue 3.00 puntos y el promedio móvil de 2 años previo fue 144.00. La volatilidad histórica reciente fue 1.41. Recomendación: monitorear el desempeño y contrastar con factores institucionales antes de definir acciones. Esta lectura es descriptiva y no demuestra causalidad."
2024,2.0,ANDINA,1.0,ANTIOQUIA,1.0,MEDELLÍN,8903.0,CORPORACION UNIVERSITARIA REMINGTON,2329.0,MEDICINA,146.0,145.0,1.0,0.6896551724137931,148.0,4.242640687119285,-9.0,4,149.05359510058344,True,146.0,149.05359510058344,-3.0535951005834363,3.0535951005834363,test,Random Forest,146.0,test_2024_con_prediccion,True,False,False,False,True,False,False,desempeno_bajo,"El programa MEDICINA de CORPORACION UNIVERSITARIA REMINGTON en MEDELLÍN, ANTIOQUIA, presenta categoría 'desempeno_bajo'. La evidencia reciente corresponde al año 2024: PROMEDIO_GLOBAL observado=146.00. El modelo limpio predijo 149.05 en test 2024 con error absoluto=3.05. Frente al año anterior, la variación fue 1.00 puntos y el promedio móvil de 2 años previo fue 148.00. La volatilidad histórica reciente fue 4.24. Recomendación: monitorear el desempeño y contrastar con factores institucionales antes de definir acciones. Esta lectura es descriptiva y no demuestra causalidad."
2024,3.0,CARIBE,2.0,ATLANTICO,126.0,BARRANQUILLA,8941.0,FUNDACION UNIVERSIDAD DEL NORTE,6919.0,MEDICINA,185.0,180.0,5.0,2.7777777777777777,182.0,2.8284271247461903,-5.0,4,175.26331277238845,True,185.0,175.26331277238845,9.736687227611554,9.736687227611554,test,Random Forest,185.0,test_2024_con_prediccion,False,True,False,True,True,False,True,revisar_incertidumbre_modelo,"El programa MEDICINA de FUNDACION UNIVERSIDAD DEL NORTE en BARRANQUILLA, ATLANTICO, presenta categoría 'revisar_incertidumbre_modelo'. La evidencia reciente corresponde al año 2024: PROMEDIO_GLOBAL observado=185.00. El modelo limpio predijo 175.26 en test 2024 con error absoluto=9.74. Frente al año anterior, la variación fue 5.00 puntos y el promedio móvil de 2 años previo fue 182.00. La volatilidad histórica reciente fue 2.83. Recomendación: revisar este caso antes de usar la predicción, porque el error observado del modelo fue alto frente al resto del test. Esta lectura es descriptiva y no demuestra causalidad."
2024,2.0,ANDINA,1.0,ANTIOQUIA,1.0,MEDELLÍN,8910.0,FUNDACION UNIVERSITARIA AUTONOMA DE LAS AMERICAS,6672.0,MEDICINA,151.0,157.0,-6.0,-3.821656050955414,154.5,3.5355339059327378,-8.0,4,152.22134287242596,True,151.0,152.22134287242596,-1.2213428724259643,1.2213428724259643,test,Random Forest,151.0,test_2024_con_prediccion,True,False,True,False,True,False,False,riesgo_prioritario,"El programa MEDICINA de FUNDACION UNIVERSITARIA AUTONOMA DE LAS AMERICAS en MEDELLÍN, ANTIOQUIA, presenta categoría 'riesgo_prioritario'. La evidencia reciente corresponde al año 2024: PROMEDIO_GLOBAL observado=151.00. El modelo limpio predijo 152.22 en test 2024 con error absoluto=1.22. Frente al año anterior, la variación fue -6.00 puntos y el promedio móvil de 2 años previo fue 154.50. La volatilidad histórica reciente fue 3.54. Recomendación: priorizar revisión académica y seguimiento, porque combina bajo desempeño relativo con señal descendente reciente. Esta lectura es descriptiva y no demuestra causalidad."
2024,2.0,ANDINA,4.0,BOGOTÁ,152.0,BOGOTÁ D.C.,8974.0,FUNDACION UNIVERSITARIA DE CIENCIAS DE LA SALUD,163.0,MEDICINA,172.0,168.0,4.0,2.380952380952381,169.5,2.1213203435596424,-1.0,4,165.61163901035786,True,172.0,165.61163901035786,6.388360989642138,6.388360989642138,test,Random Forest,172.0,test_2024_con_prediccion,False,True,False,True,False,False,False,fortaleza_destacada,"El programa MEDICINA de FUNDACION UNIVERSITARIA DE CIENCIAS DE LA SALUD en BOGOTÁ D.C., BOGOTÁ, presenta categoría 'fortaleza_destacada'. La evidencia reciente corresponde al año 2024: PROMEDIO_GLOBAL observado=172.00. El modelo limpio predijo 165.61 en test 2024 con error absoluto=6.39. Frente al año anterior, la variación fue 4.00 puntos y el promedio móvil de 2 años previo fue 169.50. La volatilidad histórica reciente fue 2.12. Recomendación: documentar buenas prácticas y mantener seguimiento, porque el desempeño reciente es alto y estable o en mejora. Esta lectura es descriptiva y no demuestra causalidad."
2024,2.0,ANDINA,4.0,BOGOTÁ,152.0,BOGOTÁ D.C.,8970.0,FUNDACION UNIVERSITARIA DEL AREA ANDINA,17859.0,MEDICINA,160.0,154.0,6.0,3.896103896103896,154.0,,6.0,1,149.78669700863634,True,160.0,149.78669700863634,10.213302991363662,10.213302991363662,test,Random Forest,160.0,test_2024_con_prediccion,False,False,False,True,False,False,True,revisar_incertidumbre_modelo,"El programa MEDICINA de FUNDACION UNIVERSITARIA DEL AREA ANDINA en BOGOTÁ D.C., BOGOTÁ, presenta categoría 'revisar_incertidumbre_modelo'. La evidencia reciente corresponde al año 2024: PROMEDIO_GLOBAL observado=160.00. El modelo limpio predijo 149.79 en test 2024 con error absoluto=10.21. Frente al año anterior, la variación fue 6.00 puntos y el promedio móvil de 2 años previo fue 154.00. No hay suficientes años previos para estimar volatilidad histórica de 2 años. Recomendación: revisar este caso antes de usar la predicción, porque el error observado del modelo fue alto frente al resto del test. Esta lectura es descriptiva y no demuestra causalidad."
2024,2.0,ANDINA,4.0,BOGOTÁ,152.0,BOGOTÁ D.C.,9052.0,FUNDACION UNIVERSITARIA JUAN N. CORPAS,1442.0,MEDICINA,154.0,153.0,1.0,0.6535947712418301,151.5,2.1213203435596424,-6.0,4,149.12162652601438,True,154.0,149.12162652601438,4.878373473985619,4.878373473985619,test,Random Forest,154.0,test_2024_con_prediccion,True,False,False,False,False,False,False,desempeno_bajo,"El programa MEDICINA de FUNDACION UNIVERSITARIA JUAN N. CORPAS en BOGOTÁ D.C., BOGOTÁ, presenta categoría 'desempeno_bajo'. La evidencia reciente corresponde al año 2024: PROMEDIO_GLOBAL observado=154.00. El modelo limpio predijo 149.12 en test 2024 con error absoluto=4.88. Frente al año anterior, la variación fue 1.00 puntos y el promedio móvil de 2 años previo fue 151.50. La volatilidad histórica reciente fue 2.12. Recomendación: monitorear el desempeño y contrastar con factores institucionales antes de definir acciones. Esta lectura es descriptiva y no demuestra causalidad."
2024,2.0,ANDINA,14.0,HUILA,609.0,NEIVA,19502.0,FUNDACION UNIVERSITARIA NAVARRA - UNINAVARRA,8009.0,MEDICINA,151.0,147.0,4.0,2.7210884353741496,150.5,4.949747468305833,-2.0,4,149.37971444862671,True,151.0,149.37971444862671,1.6202855513732857,1.6202855513732857,test,Random Forest,151.0,test_2024_con_prediccion,True,False,False,True,True,False,False,desempeno_bajo,"El programa MEDICINA de FUNDACION UNIVERSITARIA NAVARRA - UNINAVARRA en NEIVA, HUILA, presenta categoría 'desempeno_bajo'. La evidencia reciente corresponde al año 2024: PROMEDIO_GLOBAL observado=151.00. El modelo limpio predijo 149.38 en test 2024 con error absoluto=1.62. Frente al año anterior, la variación fue 4.00 puntos y el promedio móvil de 2 años previo fue 150.50. La volatilidad histórica reciente fue 4.95. Recomendación: monitorear el desempeño y contrastar con factores institucionales antes de definir acciones. Esta lectura es descriptiva y no demuestra causalidad."
2024,2.0,ANDINA,4.0,BOGOTÁ,152.0,BOGOTÁ D.C.,8990.0,FUNDACION UNIVERSITARIA SAN MARTIN,2770.0,MEDICINA,172.0,169.0,3.0,1.7751479289940828,171.5,3.5355339059327378,-2.0,2,162.39707010053226,True,172.0,162.39707010053226,9.602929899467739,9.602929899467739,test,Random Forest,172.0,test_2024_con_prediccion,False,True,False,False,True,False,True,revisar_incertidumbre_modelo,"El programa MEDICINA de FUNDACION UNIVERSITARIA SAN MARTIN en BOGOTÁ D.C., BOGOTÁ, presenta categoría 'revisar_incertidumbre_modelo'. La evidencia reciente corresponde al año 2024: PROMEDIO_GLOBAL observado=172.00. El modelo limpio predijo 162.40 en test 2024 con error absoluto=9.60. Frente al año anterior, la variación fue 3.00 puntos y el promedio móvil de 2 años previo fue 171.50. La volatilidad histórica reciente fue 3.54. Recomendación: revisar este caso antes de usar la predicción, porque el error observado del modelo fue alto frente al resto del test. Esta lectura es descriptiva y no demuestra causalidad."
2024,2.0,ANDINA,4.0,BOGOTÁ,152.0,BOGOTÁ D.C.,8990.0,FUNDACION UNIVERSITARIA SAN MARTIN,6049.0,MEDICINA,146.0,145.0,1.0,0.6896551724137931,146.0,1.4142135623730951,-2.0,4,147.1512658171218,True,146.0,147.1512658171218,-1.1512658171218106,1.1512658171218106,test,Random Forest,146.0,test_2024_con_prediccion,True,False,False,False,False,False,False,desempeno_bajo,"El programa MEDICINA de FUNDACION UNIVERSITARIA SAN MARTIN en BOGOTÁ D.C., BOGOTÁ, presenta categoría 'desempeno_bajo'. La evidencia reciente corresponde al año 2024: PROMEDIO_GLOBAL observado=146.00. El modelo limpio predijo 147.15 en test 2024 con error absoluto=1.15. Frente al año anterior, la variación fue 1.00 puntos y el promedio móvil de 2 años previo fue 146.00. La volatilidad histórica reciente fue 1.41. Recomendación: monitorear el desempeño y contrastar con factores institucionales antes de definir acciones. Esta lectura es descriptiva y no demuestra causalidad."
2024,2.0,ANDINA,4.0,BOGOTÁ,152.0,BOGOTÁ D.C.,8990.0,FUNDACION UNIVERSITARIA SAN MARTIN,6506.0,MEDICINA,147.0,145.0,2.0,1.3793103448275863,146.5,2.1213203435596424,-9.0,3,146.92809584004007,True,147.0,146.92809584004007,0.07190415995992794,0.07190415995992794,test,Random Forest,147.0,test_2024_con_prediccion,True,False,False,False,False,False,False,desempeno_bajo,"El programa MEDICINA de FUNDACION UNIVERSITARIA SAN MARTIN en BOGOTÁ D.C., BOGOTÁ, presenta categoría 'desempeno_bajo'. La evidencia reciente corresponde al año 2024: PROMEDIO_GLOBAL observado=147.00. El modelo limpio predijo 146.93 en test 2024 con error absoluto=0.07. Frente al año anterior, la variación fue 2.00 puntos y el promedio móvil de 2 años previo fue 146.50. La volatilidad histórica reciente fue 2.12. Recomendación: monitorear el desempeño y contrastar con factores institucionales antes de definir acciones. Esta lectura es descriptiva y no demuestra causalidad."
2024,2.0,ANDINA,4.0,BOGOTÁ,152.0,BOGOTÁ D.C.,8990.0,FUNDACION UNIVERSITARIA SAN MARTIN,6920.0,MEDICINA,148.0,145.0,3.0,2.0689655172413794,148.5,4.949747468305833,-4.0,2,147.42342885424807,True,148.0,147.42342885424807,0.5765711457519274,0.5765711457519274,test,Random Forest,148.0,test_2024_con_prediccion,True,False,False,False,True,False,False,desempeno_bajo,"El programa MEDICINA de FUNDACION UNIVERSITARIA SAN MARTIN en BOGOTÁ D.C., BOGOTÁ, presenta categoría 'desempeno_bajo'. La evidencia reciente corresponde al año 2024: PROMEDIO_GLOBAL observado=148.00. El modelo limpio predijo 147.42 en test 2024 con error absoluto=0.58. Frente al año anterior, la variación fue 3.00 puntos y el promedio móvil de 2 años previo fue 148.50. La volatilidad histórica reciente fue 4.95. Recomendación: monitorear el desempeño y contrastar con factores institucionales antes de definir acciones. Esta lectura es descriptiva y no demuestra causalidad."
2024,2.0,ANDINA,4.0,BOGOTÁ,152.0,BOGOTÁ D.C.,8990.0,FUNDACION UNIVERSITARIA SAN MARTIN,6922.0,MEDICINA,136.0,141.0,-5.0,-3.546099290780142,139.5,2.1213203435596424,-2.0,2,147.5747788290141,True,136.0,147.5747788290141,-11.574778829014093,11.574778829014093,test,Random Forest,136.0,test_2024_con_prediccion,True,False,True,False,False,False,True,riesgo_prioritario,"El programa MEDICINA de FUNDACION UNIVERSITARIA SAN MARTIN en BOGOTÁ D.C., BOGOTÁ, presenta categoría 'riesgo_prioritario'. La evidencia reciente corresponde al año 2024: PROMEDIO_GLOBAL observado=136.00. El modelo limpio predijo 147.57 en test 2024 con error absoluto=11.57. Frente al año anterior, la variación fue -5.00 puntos y el promedio móvil de 2 años previo fue 139.50. La volatilidad histórica reciente fue 2.12. Recomendación: priorizar revisión académica y seguimiento, porque combina bajo desempeño relativo con señal descendente reciente. Esta lectura es descriptiva y no demuestra causalidad."
2023,2.0,ANDINA,4.0,BOGOTÁ,152.0,BOGOTÁ D.C.,8990.0,FUNDACION UNIVERSITARIA SAN MARTIN,9797.0,MEDICINA,167.0,,,,,,0.0,0,158.51998506688867,False,,,,,aplicacion_ultimo_anio_no_test,Random Forest,167.0,ultimo_anio_disponible_con_prediccion_fuera_de_test,False,False,False,False,False,False,False,seguimiento_regular,"El programa MEDICINA de FUNDACION UNIVERSITARIA SAN MARTIN en BOGOTÁ D.C., BOGOTÁ, presenta categoría 'seguimiento_regular'. La evidencia reciente corresponde al año 2023: PROMEDIO_GLOBAL observado=167.00. No hay predicción de test 2024 para este programa; se muestra una predicción del modelo sobre el último año disponible (158.52), pero no se usa como error de test. No hay historial previo suficiente para calcular variación anual. No hay suficientes años previos para estimar volatilidad histórica de 2 años. Recomendación: mantener seguimiento regular; no se observan señales extremas con las reglas actuales. Esta lectura es descriptiva y no demuestra causalidad."
2023,2.0,ANDINA,4.0,BOGOTÁ,152.0,BOGOTÁ D.C.,8990.0,FUNDACION UNIVERSITARIA SAN MARTIN,20829.0,MEDICINA,141.0,,,,,,0.0,0,158.51998506688867,False,,,,,aplicacion_ultimo_anio_no_test,Random Forest,141.0,ultimo_anio_disponible_con_prediccion_fuera_de_test,True,False,False,False,False,False,False,desempeno_bajo,"El programa MEDICINA de FUNDACION UNIVERSITARIA SAN MARTIN en BOGOTÁ D.C., BOGOTÁ, presenta categoría 'desempeno_bajo'. La evidencia reciente corresponde al año 2023: PROMEDIO_GLOBAL observado=141.00. No hay predicción de test 2024 para este programa; se muestra una predicción del modelo sobre el último año disponible (158.52), pero no se usa como error de test. No hay historial previo suficiente para calcular variación anual. No hay suficientes años previos para estimar volatilidad histórica de 2 años. Recomendación: monitorear el desempeño y contrastar con factores institucionales antes de definir acciones. Esta lectura es descriptiva y no demuestra causalidad."
2024,2.0,ANDINA,4.0,BOGOTÁ,152.0,BOGOTÁ D.C.,9045.0,FUNDACION UNIVERSITARIA SANITAS,3962.0,MEDICINA,163.0,170.0,-7.0,-4.117647058823529,167.5,3.5355339059327378,-9.0,4,164.92737704762965,True,163.0,164.92737704762965,-1.9273770476296477,1.9273770476296477,test,Random Forest,163.0,test_2024_con_prediccion,False,False,True,False,True,False,False,tendencia_descendente,"El programa MEDICINA de FUNDACION UNIVERSITARIA SANITAS en BOGOTÁ D.C., BOGOTÁ, presenta categoría 'tendencia_descendente'. La evidencia reciente corresponde al año 2024: PROMEDIO_GLOBAL observado=163.00. El modelo limpio predijo 164.93 en test 2024 con error absoluto=1.93. Frente al año anterior, la variación fue -7.00 puntos y el promedio móvil de 2 años previo fue 167.50. La volatilidad histórica reciente fue 3.54. Recomendación: analizar causas posibles con evidencia externa, porque el modelo solo identifica una señal descendente, no causalidad. Esta lectura es descriptiva y no demuestra causalidad."
2024,6.0,PACÍFICA,25.0,VALLE,1010.0,CALI,9006.0,PONTIFICIA UNIVERSIDAD JAVERIANA,4976.0,MEDICINA,177.0,177.0,0.0,0.0,177.5,0.7071067811865476,-4.0,4,174.51604700678232,True,177.0,174.51604700678232,2.4839529932176845,2.4839529932176845,test,Random Forest,177.0,test_2024_con_prediccion,False,True,False,False,False,True,False,fortaleza_destacada,"El programa MEDICINA de PONTIFICIA UNIVERSIDAD JAVERIANA en CALI, VALLE, presenta categoría 'fortaleza_destacada'. La evidencia reciente corresponde al año 2024: PROMEDIO_GLOBAL observado=177.00. El modelo limpio predijo 174.52 en test 2024 con error absoluto=2.48. Frente al año anterior, la variación fue 0.00 puntos y el promedio móvil de 2 años previo fue 177.50. La volatilidad histórica reciente fue 0.71. Recomendación: documentar buenas prácticas y mantener seguimiento, porque el desempeño reciente es alto y estable o en mejora. Esta lectura es descriptiva y no demuestra causalidad."
2024,2.0,ANDINA,4.0,BOGOTÁ,152.0,BOGOTÁ D.C.,9006.0,PONTIFICIA UNIVERSIDAD JAVERIANA,7116.0,MEDICINA,199.0,198.0,1.0,0.5050505050505051,194.5,4.949747468305833,3.0,4,191.4061502998636,True,199.0,191.4061502998636,7.5938497001363885,7.5938497001363885,test,Random Forest,199.0,test_2024_con_prediccion,False,True,False,False,True,False,False,alta_volatilidad,"El programa MEDICINA de PONTIFICIA UNIVERSIDAD JAVERIANA en BOGOTÁ D.C., BOGOTÁ, presenta categoría 'alta_volatilidad'. La evidencia reciente corresponde al año 2024: PROMEDIO_GLOBAL observado=199.00. El modelo limpio predijo 191.41 en test 2024 con error absoluto=7.59. Frente al año anterior, la variación fue 1.00 puntos y el promedio móvil de 2 años previo fue 194.50. La volatilidad histórica reciente fue 4.95. Recomendación: interpretar con cautela y revisar estabilidad de cohortes, porque la variabilidad histórica reciente es alta. Esta lectura es descriptiva y no demuestra causalidad."
2024,6.0,PACÍFICA,25.0,VALLE,1045.0,TULUÁ,9240.0,UNIDAD CENTRAL DEL VALLE DEL CAUCA,2317.0,MEDICINA,159.0,158.0,1.0,0.6329113924050633,157.5,0.7071067811865476,2.0,4,152.3845205599346,True,159.0,152.3845205599346,6.6154794400654,6.6154794400654,test,Random Forest,159.0,test_2024_con_prediccion,False,False,False,False,False,True,False,estable,"El programa MEDICINA de UNIDAD CENTRAL DEL VALLE DEL CAUCA en TULUÁ, VALLE, presenta categoría 'estable'. La evidencia reciente corresponde al año 2024: PROMEDIO_GLOBAL observado=159.00. El modelo limpio predijo 152.38 en test 2024 con error absoluto=6.62. Frente al año anterior, la variación fue 1.00 puntos y el promedio móvil de 2 años previo fue 157.50. La volatilidad histórica reciente fue 0.71. Recomendación: mantener seguimiento periódico; el comportamiento reciente es relativamente estable. Esta lectura es descriptiva y no demuestra causalidad."
2024,2.0,ANDINA,4.0,BOGOTÁ,152.0,BOGOTÁ D.C.,9063.0,UNIVERSIDAD ANTONIO NARIÑO,162.0,MEDICINA,152.0,157.0,-5.0,-3.1847133757961785,155.0,2.8284271247461903,-1.0,4,150.66412144150908,True,152.0,150.66412144150908,1.3358785584909185,1.3358785584909185,test,Random Forest,152.0,test_2024_con_prediccion,True,False,True,False,True,False,False,riesgo_prioritario,"El programa MEDICINA de UNIVERSIDAD ANTONIO NARIÑO en BOGOTÁ D.C., BOGOTÁ, presenta categoría 'riesgo_prioritario'. La evidencia reciente corresponde al año 2024: PROMEDIO_GLOBAL observado=152.00. El modelo limpio predijo 150.66 en test 2024 con error absoluto=1.34. Frente al año anterior, la variación fue -5.00 puntos y el promedio móvil de 2 años previo fue 155.00. La volatilidad histórica reciente fue 2.83. Recomendación: priorizar revisión académica y seguimiento, porque combina bajo desempeño relativo con señal descendente reciente. Esta lectura es descriptiva y no demuestra causalidad."
2024,2.0,ANDINA,22.0,SANTANDER,850.0,BUCARAMANGA,9179.0,UNIVERSIDAD AUTONOMA DE BUCARAMANGA-UNAB-,6515.0,MEDICINA,171.0,172.0,-1.0,-0.5813953488372093,168.0,5.656854249492381,-10.0,4,167.84395219259898,True,171.0,167.84395219259898,3.1560478074010234,3.1560478074010234,test,Random Forest,171.0,test_2024_con_prediccion,False,False,False,False,True,False,False,alta_volatilidad,"El programa MEDICINA de UNIVERSIDAD AUTONOMA DE BUCARAMANGA-UNAB- en BUCARAMANGA, SANTANDER, presenta categoría 'alta_volatilidad'. La evidencia reciente corresponde al año 2024: PROMEDIO_GLOBAL observado=171.00. El modelo limpio predijo 167.84 en test 2024 con error absoluto=3.16. Frente al año anterior, la variación fue -1.00 puntos y el promedio móvil de 2 años previo fue 168.00. La volatilidad histórica reciente fue 5.66. Recomendación: interpretar con cautela y revisar estabilidad de cohortes, porque la variabilidad histórica reciente es alta. Esta lectura es descriptiva y no demuestra causalidad."
2024,2.0,ANDINA,1.0,ANTIOQUIA,1.0,MEDELLÍN,8914.0,UNIVERSIDAD CES,6512.0,MEDICINA,180.0,187.0,-7.0,-3.7433155080213902,186.0,1.4142135623730951,-9.0,4,181.91783958479797,True,180.0,181.91783958479797,-1.9178395847979743,1.9178395847979743,test,Random Forest,180.0,test_2024_con_prediccion,False,True,True,False,False,False,False,tendencia_descendente,"El programa MEDICINA de UNIVERSIDAD CES en MEDELLÍN, ANTIOQUIA, presenta categoría 'tendencia_descendente'. La evidencia reciente corresponde al año 2024: PROMEDIO_GLOBAL observado=180.00. El modelo limpio predijo 181.92 en test 2024 con error absoluto=1.92. Frente al año anterior, la variación fue -7.00 puntos y el promedio móvil de 2 años previo fue 186.00. La volatilidad histórica reciente fue 1.41. Recomendación: analizar causas posibles con evidencia externa, porque el modelo solo identifica una señal descendente, no causalidad. Esta lectura es descriptiva y no demuestra causalidad."
2024,3.0,CARIBE,16.0,MAGDALENA,661.0,SANTA MARTA,9065.0,UNIVERSIDAD COOPERATIVA DE COLOMBIA,571.0,MEDICINA,152.0,151.0,1.0,0.6622516556291391,151.5,0.7071067811865476,-1.0,4,149.1480576172979,True,152.0,149.1480576172979,2.8519423827021058,2.8519423827021058,test,Random Forest,152.0,test_2024_con_prediccion,True,False,False,False,False,True,False,desempeno_bajo,"El programa MEDICINA de UNIVERSIDAD COOPERATIVA DE COLOMBIA en SANTA MARTA, MAGDALENA, presenta categoría 'desempeno_bajo'. La evidencia reciente corresponde al año 2024: PROMEDIO_GLOBAL observado=152.00. El modelo limpio predijo 149.15 en test 2024 con error absoluto=2.85. Frente al año anterior, la variación fue 1.00 puntos y el promedio móvil de 2 años previo fue 151.50. La volatilidad histórica reciente fue 0.71. Recomendación: monitorear el desempeño y contrastar con factores institucionales antes de definir acciones. Esta lectura es descriptiva y no demuestra causalidad."
2024,2.0,ANDINA,1.0,ANTIOQUIA,1.0,MEDELLÍN,9065.0,UNIVERSIDAD COOPERATIVA DE COLOMBIA,2904.0,MEDICINA,160.0,159.0,1.0,0.628930817610063,160.0,1.4142135623730951,-3.0,4,155.2110040169016,True,160.0,155.2110040169016,4.788995983098403,4.788995983098403,test,Random Forest,160.0,test_2024_con_prediccion,False,False,False,False,False,False,False,seguimiento_regular,"El programa MEDICINA de UNIVERSIDAD COOPERATIVA DE COLOMBIA en MEDELLÍN, ANTIOQUIA, presenta categoría 'seguimiento_regular'. La evidencia reciente corresponde al año 2024: PROMEDIO_GLOBAL observado=160.00. El modelo limpio predijo 155.21 en test 2024 con error absoluto=4.79. Frente al año anterior, la variación fue 1.00 puntos y el promedio móvil de 2 años previo fue 160.00. La volatilidad histórica reciente fue 1.41. Recomendación: mantener seguimiento regular; no se observan señales extremas con las reglas actuales. Esta lectura es descriptiva y no demuestra causalidad."
2024,3.0,CARIBE,16.0,MAGDALENA,661.0,SANTA MARTA,9065.0,UNIVERSIDAD COOPERATIVA DE COLOMBIA,4281.0,MEDICINA,153.0,150.0,3.0,2.0,149.0,1.4142135623730951,3.0,4,146.19122807841575,True,153.0,146.19122807841575,6.808771921584253,6.808771921584253,test,Random Forest,153.0,test_2024_con_prediccion,True,False,False,False,False,False,False,desempeno_bajo,"El programa MEDICINA de UNIVERSIDAD COOPERATIVA DE COLOMBIA en SANTA MARTA, MAGDALENA, presenta categoría 'desempeno_bajo'. La evidencia reciente corresponde al año 2024: PROMEDIO_GLOBAL observado=153.00. El modelo limpio predijo 146.19 en test 2024 con error absoluto=6.81. Frente al año anterior, la variación fue 3.00 puntos y el promedio móvil de 2 años previo fue 149.00. La volatilidad histórica reciente fue 1.41. Recomendación: monitorear el desempeño y contrastar con factores institucionales antes de definir acciones. Esta lectura es descriptiva y no demuestra causalidad."
2023,2.0,ANDINA,4.0,BOGOTÁ,152.0,BOGOTÁ D.C.,9065.0,UNIVERSIDAD COOPERATIVA DE COLOMBIA,5364.0,MEDICINA,128.0,127.0,1.0,0.7874015748031495,137.0,14.142135623730951,-19.0,2,148.61374078372603,False,,,,,aplicacion_ultimo_anio_no_test,Random Forest,128.0,ultimo_anio_disponible_con_prediccion_fuera_de_test,True,False,False,False,True,False,False,desempeno_bajo,"El programa MEDICINA de UNIVERSIDAD COOPERATIVA DE COLOMBIA en BOGOTÁ D.C., BOGOTÁ, presenta categoría 'desempeno_bajo'. La evidencia reciente corresponde al año 2023: PROMEDIO_GLOBAL observado=128.00. No hay predicción de test 2024 para este programa; se muestra una predicción del modelo sobre el último año disponible (148.61), pero no se usa como error de test. Frente al año anterior, la variación fue 1.00 puntos y el promedio móvil de 2 años previo fue 137.00. La volatilidad histórica reciente fue 14.14. Recomendación: monitorear el desempeño y contrastar con factores institucionales antes de definir acciones. Esta lectura es descriptiva y no demuestra causalidad."
2023,2.0,ANDINA,4.0,BOGOTÁ,152.0,BOGOTÁ D.C.,9065.0,UNIVERSIDAD COOPERATIVA DE COLOMBIA,5433.0,MEDICINA,160.0,164.0,-4.0,-2.4390243902439024,164.0,,-4.0,1,159.81071472283946,False,,,,,aplicacion_ultimo_anio_no_test,Random Forest,160.0,ultimo_anio_disponible_con_prediccion_fuera_de_test,False,False,True,False,False,False,False,tendencia_descendente,"El programa MEDICINA de UNIVERSIDAD COOPERATIVA DE COLOMBIA en BOGOTÁ D.C., BOGOTÁ, presenta categoría 'tendencia_descendente'. La evidencia reciente corresponde al año 2023: PROMEDIO_GLOBAL observado=160.00. No hay predicción de test 2024 para este programa; se muestra una predicción del modelo sobre el último año disponible (159.81), pero no se usa como error de test. Frente al año anterior, la variación fue -4.00 puntos y el promedio móvil de 2 años previo fue 164.00. No hay suficientes años previos para estimar volatilidad histórica de 2 años. Recomendación: analizar causas posibles con evidencia externa, porque el modelo solo identifica una señal descendente, no causalidad. Esta lectura es descriptiva y no demuestra causalidad."
2024,3.0,CARIBE,16.0,MAGDALENA,661.0,SANTA MARTA,9065.0,UNIVERSIDAD COOPERATIVA DE COLOMBIA,6517.0,MEDICINA,153.0,150.0,3.0,2.0,148.5,2.1213203435596424,3.0,4,145.36563508807276,True,153.0,145.36563508807276,7.634364911927236,7.634364911927236,test,Random Forest,153.0,test_2024_con_prediccion,True,False,False,False,False,False,False,desempeno_bajo,"El programa MEDICINA de UNIVERSIDAD COOPERATIVA DE COLOMBIA en SANTA MARTA, MAGDALENA, presenta categoría 'desempeno_bajo'. La evidencia reciente corresponde al año 2024: PROMEDIO_GLOBAL observado=153.00. El modelo limpio predijo 145.37 en test 2024 con error absoluto=7.63. Frente al año anterior, la variación fue 3.00 puntos y el promedio móvil de 2 años previo fue 148.50. La volatilidad histórica reciente fue 2.12. Recomendación: monitorear el desempeño y contrastar con factores institucionales antes de definir acciones. Esta lectura es descriptiva y no demuestra causalidad."
2023,2.0,ANDINA,1.0,ANTIOQUIA,1.0,MEDELLÍN,8894.0,UNIVERSIDAD DE ANTIOQUIA,6054.0,MEDICINA,156.0,,,,,,0.0,0,164.88996111284047,False,,,,,aplicacion_ultimo_anio_no_test,Random Forest,156.0,ultimo_anio_disponible_con_prediccion_fuera_de_test,False,False,False,False,False,False,False,seguimiento_regular,"El programa MEDICINA de UNIVERSIDAD DE ANTIOQUIA en MEDELLÍN, ANTIOQUIA, presenta categoría 'seguimiento_regular'. La evidencia reciente corresponde al año 2023: PROMEDIO_GLOBAL observado=156.00. No hay predicción de test 2024 para este programa; se muestra una predicción del modelo sobre el último año disponible (164.89), pero no se usa como error de test. No hay historial previo suficiente para calcular variación anual. No hay suficientes años previos para estimar volatilidad histórica de 2 años. Recomendación: mantener seguimiento regular; no se observan señales extremas con las reglas actuales. Esta lectura es descriptiva y no demuestra causalidad."
2024,2.0,ANDINA,1.0,ANTIOQUIA,1.0,MEDELLÍN,8894.0,UNIVERSIDAD DE ANTIOQUIA,6217.0,MEDICINA,186.0,182.0,4.0,2.197802197802198,180.0,2.8284271247461903,-1.0,4,178.09235093218118,True,186.0,178.09235093218118,7.907649067818824,7.907649067818824,test,Random Forest,186.0,test_2024_con_prediccion,False,True,False,True,True,False,False,fortaleza_destacada,"El programa MEDICINA de UNIVERSIDAD DE ANTIOQUIA en MEDELLÍN, ANTIOQUIA, presenta categoría 'fortaleza_destacada'. La evidencia reciente corresponde al año 2024: PROMEDIO_GLOBAL observado=186.00. El modelo limpio predijo 178.09 en test 2024 con error absoluto=7.91. Frente al año anterior, la variación fue 4.00 puntos y el promedio móvil de 2 años previo fue 180.00. La volatilidad histórica reciente fue 2.83. Recomendación: documentar buenas prácticas y mantener seguimiento, porque el desempeño reciente es alto y estable o en mejora. Esta lectura es descriptiva y no demuestra causalidad."
2024,2.0,ANDINA,6.0,BOYACA,199.0,TUNJA,9092.0,UNIVERSIDAD DE BOYACA UNIBOYACA - TUNJA,1185.0,MEDICINA,157.0,154.0,3.0,1.948051948051948,155.5,2.1213203435596424,-4.0,4,152.27599378495947,True,157.0,152.27599378495947,4.724006215040532,4.724006215040532,test,Random Forest,157.0,test_2024_con_prediccion,False,False,False,False,False,False,False,seguimiento_regular,"El programa MEDICINA de UNIVERSIDAD DE BOYACA UNIBOYACA - TUNJA en TUNJA, BOYACA, presenta categoría 'seguimiento_regular'. La evidencia reciente corresponde al año 2024: PROMEDIO_GLOBAL observado=157.00. El modelo limpio predijo 152.28 en test 2024 con error absoluto=4.72. Frente al año anterior, la variación fue 3.00 puntos y el promedio móvil de 2 años previo fue 155.50. La volatilidad histórica reciente fue 2.12. Recomendación: mantener seguimiento regular; no se observan señales extremas con las reglas actuales. Esta lectura es descriptiva y no demuestra causalidad."
2024,2.0,ANDINA,7.0,CALDAS,322.0,MANIZALES,9101.0,UNIVERSIDAD DE CALDAS,2313.0,MEDICINA,174.0,163.0,11.0,6.748466257668712,163.5,0.7071067811865476,-4.0,4,160.64492965334586,True,174.0,160.64492965334586,13.355070346654145,13.355070346654145,test,Random Forest,174.0,test_2024_con_prediccion,False,True,False,True,False,False,True,revisar_incertidumbre_modelo,"El programa MEDICINA de UNIVERSIDAD DE CALDAS en MANIZALES, CALDAS, presenta categoría 'revisar_incertidumbre_modelo'. La evidencia reciente corresponde al año 2024: PROMEDIO_GLOBAL observado=174.00. El modelo limpio predijo 160.64 en test 2024 con error absoluto=13.36. Frente al año anterior, la variación fue 11.00 puntos y el promedio móvil de 2 años previo fue 163.50. La volatilidad histórica reciente fue 0.71. Recomendación: revisar este caso antes de usar la predicción, porque el error observado del modelo fue alto frente al resto del test. Esta lectura es descriptiva y no demuestra causalidad."
2024,3.0,CARIBE,5.0,BOLIVAR,153.0,CARTAGENA DE INDIAS,9086.0,UNIVERSIDAD DE CARTAGENA,1440.0,MEDICINA,164.0,161.0,3.0,1.8633540372670807,160.0,1.4142135623730951,-6.0,4,154.94494973980267,True,164.0,154.94494973980267,9.055050260197334,9.055050260197334,test,Random Forest,164.0,test_2024_con_prediccion,False,False,False,False,False,False,True,revisar_incertidumbre_modelo,"El programa MEDICINA de UNIVERSIDAD DE CARTAGENA en CARTAGENA DE INDIAS, BOLIVAR, presenta categoría 'revisar_incertidumbre_modelo'. La evidencia reciente corresponde al año 2024: PROMEDIO_GLOBAL observado=164.00. El modelo limpio predijo 154.94 en test 2024 con error absoluto=9.06. Frente al año anterior, la variación fue 3.00 puntos y el promedio móvil de 2 años previo fue 160.00. La volatilidad histórica reciente fue 1.41. Recomendación: revisar este caso antes de usar la predicción, porque el error observado del modelo fue alto frente al resto del test. Esta lectura es descriptiva y no demuestra causalidad."
2024,2.0,ANDINA,4.0,BOGOTÁ,152.0,BOGOTÁ D.C.,9001.0,UNIVERSIDAD DE CIENCIAS APLICADAS Y AMBIENTALES UDCA.,6507.0,MEDICINA,160.0,164.0,-4.0,-2.4390243902439024,162.0,2.8284271247461903,-3.0,4,158.64146932050733,True,160.0,158.64146932050733,1.3585306794926737,1.3585306794926737,test,Random Forest,160.0,test_2024_con_prediccion,False,False,True,False,True,False,False,tendencia_descendente,"El programa MEDICINA de UNIVERSIDAD DE CIENCIAS APLICADAS Y AMBIENTALES UDCA. en BOGOTÁ D.C., BOGOTÁ, presenta categoría 'tendencia_descendente'. La evidencia reciente corresponde al año 2024: PROMEDIO_GLOBAL observado=160.00. El modelo limpio predijo 158.64 en test 2024 con error absoluto=1.36. Frente al año anterior, la variación fue -4.00 puntos y el promedio móvil de 2 años previo fue 162.00. La volatilidad histórica reciente fue 2.83. Recomendación: analizar causas posibles con evidencia externa, porque el modelo solo identifica una señal descendente, no causalidad. Esta lectura es descriptiva y no demuestra causalidad."
2024,2.0,ANDINA,12.0,CUNDINAMARCA,477.0,CHÍA,9120.0,UNIVERSIDAD DE LA SABANA,1444.0,MEDICINA,184.0,183.0,1.0,0.546448087431694,183.5,0.7071067811865476,-4.0,4,178.70316086885555,True,184.0,178.70316086885555,5.296839131144452,5.296839131144452,test,Random Forest,184.0,test_2024_con_prediccion,False,True,False,False,False,True,False,fortaleza_destacada,"El programa MEDICINA de UNIVERSIDAD DE LA SABANA en CHÍA, CUNDINAMARCA, presenta categoría 'fortaleza_destacada'. La evidencia reciente corresponde al año 2024: PROMEDIO_GLOBAL observado=184.00. El modelo limpio predijo 178.70 en test 2024 con error absoluto=5.30. Frente al año anterior, la variación fue 1.00 puntos y el promedio móvil de 2 años previo fue 183.50. La volatilidad histórica reciente fue 0.71. Recomendación: documentar buenas prácticas y mantener seguimiento, porque el desempeño reciente es alto y estable o en mejora. Esta lectura es descriptiva y no demuestra causalidad."
2024,2.0,ANDINA,4.0,BOGOTÁ,152.0,BOGOTÁ D.C.,8991.0,UNIVERSIDAD DE LOS ANDES,4819.0,MEDICINA,189.0,196.0,-7.0,-3.571428571428571,195.5,0.7071067811865476,-9.0,4,191.67026736335566,True,189.0,191.67026736335566,-2.670267363355663,2.670267363355663,test,Random Forest,189.0,test_2024_con_prediccion,False,True,True,False,False,False,False,tendencia_descendente,"El programa MEDICINA de UNIVERSIDAD DE LOS ANDES en BOGOTÁ D.C., BOGOTÁ, presenta categoría 'tendencia_descendente'. La evidencia reciente corresponde al año 2024: PROMEDIO_GLOBAL observado=189.00. El modelo limpio predijo 191.67 en test 2024 con error absoluto=2.67. Frente al año anterior, la variación fue -7.00 puntos y el promedio móvil de 2 años previo fue 195.50. La volatilidad histórica reciente fue 0.71. Recomendación: analizar causas posibles con evidencia externa, porque el modelo solo identifica una señal descendente, no causalidad. Esta lectura es descriptiva y no demuestra causalidad."
2024,2.0,ANDINA,7.0,CALDAS,322.0,MANIZALES,9102.0,UNIVERSIDAD DE MANIZALES,3145.0,MEDICINA,166.0,169.0,-3.0,-1.7751479289940828,169.0,0.0,-6.0,4,166.7663408926577,True,166.0,166.7663408926577,-0.7663408926576949,0.7663408926576949,test,Random Forest,166.0,test_2024_con_prediccion,False,False,False,False,False,False,False,seguimiento_regular,"El programa MEDICINA de UNIVERSIDAD DE MANIZALES en MANIZALES, CALDAS, presenta categoría 'seguimiento_regular'. La evidencia reciente corresponde al año 2024: PROMEDIO_GLOBAL observado=166.00. El modelo limpio predijo 166.77 en test 2024 con error absoluto=0.77. Frente al año anterior, la variación fue -3.00 puntos y el promedio móvil de 2 años previo fue 169.00. La volatilidad histórica reciente fue 0.00. Recomendación: mantener seguimiento regular; no se observan señales extremas con las reglas actuales. Esta lectura es descriptiva y no demuestra causalidad."
2024,6.0,PACÍFICA,18.0,NARIÑO,720.0,PASTO,9146.0,UNIVERSIDAD DE NARIÑO,1513.0,MEDICINA,149.0,153.0,-4.0,-2.6143790849673203,159.5,9.192388155425117,-22.0,3,152.5233963936811,True,149.0,152.5233963936811,-3.523396393681111,3.523396393681111,test,Random Forest,149.0,test_2024_con_prediccion,True,False,True,False,True,False,False,riesgo_prioritario,"El programa MEDICINA de UNIVERSIDAD DE NARIÑO en PASTO, NARIÑO, presenta categoría 'riesgo_prioritario'. La evidencia reciente corresponde al año 2024: PROMEDIO_GLOBAL observado=149.00. El modelo limpio predijo 152.52 en test 2024 con error absoluto=3.52. Frente al año anterior, la variación fue -4.00 puntos y el promedio móvil de 2 años previo fue 159.50. La volatilidad histórica reciente fue 9.19. Recomendación: priorizar revisión académica y seguimiento, porque combina bajo desempeño relativo con señal descendente reciente. Esta lectura es descriptiva y no demuestra causalidad."
2024,2.0,ANDINA,19.0,NORTE SANTANDER,809.0,PAMPLONA,9155.0,UNIVERSIDAD DE PAMPLONA,5845.0,MEDICINA,165.0,169.0,-4.0,-2.366863905325444,167.0,2.8284271247461903,-10.0,4,163.8395481430901,True,165.0,163.8395481430901,1.1604518569099014,1.1604518569099014,test,Random Forest,165.0,test_2024_con_prediccion,False,False,True,False,True,False,False,tendencia_descendente,"El programa MEDICINA de UNIVERSIDAD DE PAMPLONA en PAMPLONA, NORTE SANTANDER, presenta categoría 'tendencia_descendente'. La evidencia reciente corresponde al año 2024: PROMEDIO_GLOBAL observado=165.00. El modelo limpio predijo 163.84 en test 2024 con error absoluto=1.16. Frente al año anterior, la variación fue -4.00 puntos y el promedio móvil de 2 años previo fue 167.00. La volatilidad histórica reciente fue 2.83. Recomendación: analizar causas posibles con evidencia externa, porque el modelo solo identifica una señal descendente, no causalidad. Esta lectura es descriptiva y no demuestra causalidad."
2024,2.0,ANDINA,22.0,SANTANDER,850.0,BUCARAMANGA,9177.0,UNIVERSIDAD DE SANTANDER,5659.0,MEDICINA,160.0,156.0,4.0,2.564102564102564,155.0,1.4142135623730951,-3.0,4,152.16099243908312,True,160.0,152.16099243908312,7.839007560916883,7.839007560916883,test,Random Forest,160.0,test_2024_con_prediccion,False,False,False,True,False,False,False,seguimiento_regular,"El programa MEDICINA de UNIVERSIDAD DE SANTANDER en BUCARAMANGA, SANTANDER, presenta categoría 'seguimiento_regular'. La evidencia reciente corresponde al año 2024: PROMEDIO_GLOBAL observado=160.00. El modelo limpio predijo 152.16 en test 2024 con error absoluto=7.84. Frente al año anterior, la variación fue 4.00 puntos y el promedio móvil de 2 años previo fue 155.00. La volatilidad histórica reciente fue 1.41. Recomendación: mantener seguimiento regular; no se observan señales extremas con las reglas actuales. Esta lectura es descriptiva y no demuestra causalidad."
2024,2.0,ANDINA,22.0,SANTANDER,850.0,BUCARAMANGA,9177.0,UNIVERSIDAD DE SANTANDER,8139.0,MEDICINA,157.0,151.0,6.0,3.9735099337748347,150.5,0.7071067811865476,-5.0,4,147.1039993676551,True,157.0,147.1039993676551,9.896000632344908,9.896000632344908,test,Random Forest,157.0,test_2024_con_prediccion,True,False,False,True,False,False,True,desempeno_bajo,"El programa MEDICINA de UNIVERSIDAD DE SANTANDER en BUCARAMANGA, SANTANDER, presenta categoría 'desempeno_bajo'. La evidencia reciente corresponde al año 2024: PROMEDIO_GLOBAL observado=157.00. El modelo limpio predijo 147.10 en test 2024 con error absoluto=9.90. Frente al año anterior, la variación fue 6.00 puntos y el promedio móvil de 2 años previo fue 150.50. La volatilidad histórica reciente fue 0.71. Recomendación: monitorear el desempeño y contrastar con factores institucionales antes de definir acciones. Esta lectura es descriptiva y no demuestra causalidad."
2024,2.0,ANDINA,22.0,SANTANDER,850.0,BUCARAMANGA,9177.0,UNIVERSIDAD DE SANTANDER,20804.0,MEDICINA,148.0,,,,,,0.0,0,164.10816930375495,True,148.0,164.10816930375495,-16.10816930375495,16.10816930375495,test,Random Forest,148.0,test_2024_con_prediccion,True,False,False,False,False,False,True,desempeno_bajo,"El programa MEDICINA de UNIVERSIDAD DE SANTANDER en BUCARAMANGA, SANTANDER, presenta categoría 'desempeno_bajo'. La evidencia reciente corresponde al año 2024: PROMEDIO_GLOBAL observado=148.00. El modelo limpio predijo 164.11 en test 2024 con error absoluto=16.11. No hay historial previo suficiente para calcular variación anual. No hay suficientes años previos para estimar volatilidad histórica de 2 años. Recomendación: monitorear el desempeño y contrastar con factores institucionales antes de definir acciones. Esta lectura es descriptiva y no demuestra causalidad."
2024,3.0,CARIBE,23.0,SUCRE,937.0,SINCELEJO,9188.0,UNIVERSIDAD DE SUCRE,7099.0,MEDICINA,161.0,167.0,-6.0,-3.592814371257485,167.5,0.7071067811865476,-1.0,4,159.535830370505,True,161.0,159.535830370505,1.4641696294949895,1.4641696294949895,test,Random Forest,161.0,test_2024_con_prediccion,False,False,True,False,False,False,False,tendencia_descendente,"El programa MEDICINA de UNIVERSIDAD DE SUCRE en SINCELEJO, SUCRE, presenta categoría 'tendencia_descendente'. La evidencia reciente corresponde al año 2024: PROMEDIO_GLOBAL observado=161.00. El modelo limpio predijo 159.54 en test 2024 con error absoluto=1.46. Frente al año anterior, la variación fue -6.00 puntos y el promedio móvil de 2 años previo fue 167.50. La volatilidad histórica reciente fue 0.71. Recomendación: analizar causas posibles con evidencia externa, porque el modelo solo identifica una señal descendente, no causalidad. Esta lectura es descriptiva y no demuestra causalidad."
2023,6.0,PACÍFICA,9.0,CAUCA,365.0,POPAYÁN,9106.0,UNIVERSIDAD DEL CAUCA,5220.0,MEDICINA,191.0,,,,,,0.0,0,163.88743323593914,False,,,,,aplicacion_ultimo_anio_no_test,Random Forest,191.0,ultimo_anio_disponible_con_prediccion_fuera_de_test,False,True,False,False,False,False,False,seguimiento_regular,"El programa MEDICINA de UNIVERSIDAD DEL CAUCA en POPAYÁN, CAUCA, presenta categoría 'seguimiento_regular'. La evidencia reciente corresponde al año 2023: PROMEDIO_GLOBAL observado=191.00. No hay predicción de test 2024 para este programa; se muestra una predicción del modelo sobre el último año disponible (163.89), pero no se usa como error de test. No hay historial previo suficiente para calcular variación anual. No hay suficientes años previos para estimar volatilidad histórica de 2 años. Recomendación: mantener seguimiento regular; no se observan señales extremas con las reglas actuales. Esta lectura es descriptiva y no demuestra causalidad."
2024,6.0,PACÍFICA,9.0,CAUCA,365.0,POPAYÁN,9106.0,UNIVERSIDAD DEL CAUCA,6655.0,MEDICINA,175.0,170.0,5.0,2.941176470588235,169.0,1.4142135623730951,0.0,4,166.70047291863636,True,175.0,166.70047291863636,8.299527081363635,8.299527081363635,test,Random Forest,175.0,test_2024_con_prediccion,False,True,False,True,False,False,True,revisar_incertidumbre_modelo,"El programa MEDICINA de UNIVERSIDAD DEL CAUCA en POPAYÁN, CAUCA, presenta categoría 'revisar_incertidumbre_modelo'. La evidencia reciente corresponde al año 2024: PROMEDIO_GLOBAL observado=175.00. El modelo limpio predijo 166.70 en test 2024 con error absoluto=8.30. Frente al año anterior, la variación fue 5.00 puntos y el promedio móvil de 2 años previo fue 169.00. La volatilidad histórica reciente fue 1.41. Recomendación: revisar este caso antes de usar la predicción, porque el error observado del modelo fue alto frente al resto del test. Esta lectura es descriptiva y no demuestra causalidad."
2024,3.0,CARIBE,16.0,MAGDALENA,661.0,SANTA MARTA,9139.0,UNIVERSIDAD DEL MAGDALENA,3150.0,MEDICINA,163.0,168.0,-5.0,-2.976190476190476,169.5,2.1213203435596424,13.0,4,159.16213786788566,True,163.0,159.16213786788566,3.8378621321143385,3.8378621321143385,test,Random Forest,163.0,test_2024_con_prediccion,False,False,True,False,False,False,False,tendencia_descendente,"El programa MEDICINA de UNIVERSIDAD DEL MAGDALENA en SANTA MARTA, MAGDALENA, presenta categoría 'tendencia_descendente'. La evidencia reciente corresponde al año 2024: PROMEDIO_GLOBAL observado=163.00. El modelo limpio predijo 159.16 en test 2024 con error absoluto=3.84. Frente al año anterior, la variación fue -5.00 puntos y el promedio móvil de 2 años previo fue 169.50. La volatilidad histórica reciente fue 2.12. Recomendación: analizar causas posibles con evidencia externa, porque el modelo solo identifica una señal descendente, no causalidad. Esta lectura es descriptiva y no demuestra causalidad."
2024,2.0,ANDINA,20.0,QUINDIO,824.0,ARMENIA,9158.0,UNIVERSIDAD DEL QUINDIO,1890.0,MEDICINA,171.0,172.0,-1.0,-0.5813953488372093,173.0,1.4142135623730951,-14.0,4,169.44008791620294,True,171.0,169.44008791620294,1.5599120837970588,1.5599120837970588,test,Random Forest,171.0,test_2024_con_prediccion,False,True,False,False,False,False,False,seguimiento_regular,"El programa MEDICINA de UNIVERSIDAD DEL QUINDIO en ARMENIA, QUINDIO, presenta categoría 'seguimiento_regular'. La evidencia reciente corresponde al año 2024: PROMEDIO_GLOBAL observado=171.00. El modelo limpio predijo 169.44 en test 2024 con error absoluto=1.56. Frente al año anterior, la variación fue -1.00 puntos y el promedio móvil de 2 años previo fue 173.00. La volatilidad histórica reciente fue 1.41. Recomendación: mantener seguimiento regular; no se observan señales extremas con las reglas actuales. Esta lectura es descriptiva y no demuestra causalidad."
2024,3.0,CARIBE,5.0,BOLIVAR,153.0,CARTAGENA DE INDIAS,9117.0,UNIVERSIDAD DEL SINÚ ELIAS BECHARA ZAINUM - UNISINÚ-,306.0,MEDICINA,152.0,142.0,10.0,7.042253521126761,143.0,1.4142135623730951,1.0,4,148.32015801518736,True,152.0,148.32015801518736,3.67984198481264,3.67984198481264,test,Random Forest,152.0,test_2024_con_prediccion,True,False,False,True,False,False,False,desempeno_bajo,"El programa MEDICINA de UNIVERSIDAD DEL SINÚ ELIAS BECHARA ZAINUM - UNISINÚ- en CARTAGENA DE INDIAS, BOLIVAR, presenta categoría 'desempeno_bajo'. La evidencia reciente corresponde al año 2024: PROMEDIO_GLOBAL observado=152.00. El modelo limpio predijo 148.32 en test 2024 con error absoluto=3.68. Frente al año anterior, la variación fue 10.00 puntos y el promedio móvil de 2 años previo fue 143.00. La volatilidad histórica reciente fue 1.41. Recomendación: monitorear el desempeño y contrastar con factores institucionales antes de definir acciones. Esta lectura es descriptiva y no demuestra causalidad."
2024,3.0,CARIBE,11.0,CORDOBA,432.0,MONTERÍA,9117.0,UNIVERSIDAD DEL SINÚ ELIAS BECHARA ZAINUM - UNISINÚ-,1447.0,MEDICINA,126.0,148.0,-22.0,-14.864864864864865,148.0,,-22.0,1,142.94693602110084,True,126.0,142.94693602110084,-16.94693602110084,16.94693602110084,test,Random Forest,126.0,test_2024_con_prediccion,True,False,True,False,False,False,True,riesgo_prioritario,"El programa MEDICINA de UNIVERSIDAD DEL SINÚ ELIAS BECHARA ZAINUM - UNISINÚ- en MONTERÍA, CORDOBA, presenta categoría 'riesgo_prioritario'. La evidencia reciente corresponde al año 2024: PROMEDIO_GLOBAL observado=126.00. El modelo limpio predijo 142.95 en test 2024 con error absoluto=16.95. Frente al año anterior, la variación fue -22.00 puntos y el promedio móvil de 2 años previo fue 148.00. No hay suficientes años previos para estimar volatilidad histórica de 2 años. Recomendación: priorizar revisión académica y seguimiento, porque combina bajo desempeño relativo con señal descendente reciente. Esta lectura es descriptiva y no demuestra causalidad."
2024,3.0,CARIBE,11.0,CORDOBA,432.0,MONTERÍA,9117.0,UNIVERSIDAD DEL SINÚ ELIAS BECHARA ZAINUM - UNISINÚ-,4989.0,MEDICINA,154.0,147.0,7.0,4.761904761904762,148.5,2.1213203435596424,0.0,4,145.43275155523986,True,154.0,145.43275155523986,8.56724844476014,8.56724844476014,test,Random Forest,154.0,test_2024_con_prediccion,True,False,False,True,False,False,True,desempeno_bajo,"El programa MEDICINA de UNIVERSIDAD DEL SINÚ ELIAS BECHARA ZAINUM - UNISINÚ- en MONTERÍA, CORDOBA, presenta categoría 'desempeno_bajo'. La evidencia reciente corresponde al año 2024: PROMEDIO_GLOBAL observado=154.00. El modelo limpio predijo 145.43 en test 2024 con error absoluto=8.57. Frente al año anterior, la variación fue 7.00 puntos y el promedio móvil de 2 años previo fue 148.50. La volatilidad histórica reciente fue 2.12. Recomendación: monitorear el desempeño y contrastar con factores institucionales antes de definir acciones. Esta lectura es descriptiva y no demuestra causalidad."
2021,3.0,CARIBE,5.0,BOLIVAR,153.0,CARTAGENA DE INDIAS,9117.0,UNIVERSIDAD DEL SINÚ ELIAS BECHARA ZAINUM - UNISINÚ-,5223.0,MEDICINA,113.0,,,,,,0.0,0,152.15487777541082,False,,,,,aplicacion_ultimo_anio_no_test,Random Forest,113.0,ultimo_anio_disponible_con_prediccion_fuera_de_test,True,False,False,False,False,False,False,desempeno_bajo,"El programa MEDICINA de UNIVERSIDAD DEL SINÚ ELIAS BECHARA ZAINUM - UNISINÚ- en CARTAGENA DE INDIAS, BOLIVAR, presenta categoría 'desempeno_bajo'. La evidencia reciente corresponde al año 2021: PROMEDIO_GLOBAL observado=113.00. No hay predicción de test 2024 para este programa; se muestra una predicción del modelo sobre el último año disponible (152.15), pero no se usa como error de test. No hay historial previo suficiente para calcular variación anual. No hay suficientes años previos para estimar volatilidad histórica de 2 años. Recomendación: monitorear el desempeño y contrastar con factores institucionales antes de definir acciones. Esta lectura es descriptiva y no demuestra causalidad."
2024,2.0,ANDINA,24.0,TOLIMA,963.0,IBAGUÉ,9194.0,UNIVERSIDAD DEL TOLIMA,2316.0,MEDICINA,158.0,160.0,-2.0,-1.25,160.5,0.7071067811865476,-8.0,4,156.99688991489742,True,158.0,156.99688991489742,1.003110085102577,1.003110085102577,test,Random Forest,158.0,test_2024_con_prediccion,False,False,False,False,False,False,False,seguimiento_regular,"El programa MEDICINA de UNIVERSIDAD DEL TOLIMA en IBAGUÉ, TOLIMA, presenta categoría 'seguimiento_regular'. La evidencia reciente corresponde al año 2024: PROMEDIO_GLOBAL observado=158.00. El modelo limpio predijo 157.00 en test 2024 con error absoluto=1.00. Frente al año anterior, la variación fue -2.00 puntos y el promedio móvil de 2 años previo fue 160.50. La volatilidad histórica reciente fue 0.71. Recomendación: mantener seguimiento regular; no se observan señales extremas con las reglas actuales. Esta lectura es descriptiva y no demuestra causalidad."
2024,6.0,PACÍFICA,25.0,VALLE,1010.0,CALI,9206.0,UNIVERSIDAD DEL VALLE,6055.0,MEDICINA,171.0,190.0,-19.0,-10.0,191.5,2.1213203435596424,-19.0,3,189.22244048884136,True,171.0,189.22244048884136,-18.222440488841357,18.222440488841357,test,Random Forest,171.0,test_2024_con_prediccion,False,True,True,False,False,False,True,revisar_incertidumbre_modelo,"El programa MEDICINA de UNIVERSIDAD DEL VALLE en CALI, VALLE, presenta categoría 'revisar_incertidumbre_modelo'. La evidencia reciente corresponde al año 2024: PROMEDIO_GLOBAL observado=171.00. El modelo limpio predijo 189.22 en test 2024 con error absoluto=18.22. Frente al año anterior, la variación fue -19.00 puntos y el promedio móvil de 2 años previo fue 191.50. La volatilidad histórica reciente fue 2.12. Recomendación: revisar este caso antes de usar la predicción, porque el error observado del modelo fue alto frente al resto del test. Esta lectura es descriptiva y no demuestra causalidad."
2024,2.0,ANDINA,4.0,BOGOTÁ,152.0,BOGOTÁ D.C.,9040.0,UNIVERSIDAD EL BOSQUE,6060.0,MEDICINA,172.0,174.0,-2.0,-1.1494252873563218,173.5,0.7071067811865476,-2.0,4,169.9178002259059,True,172.0,169.9178002259059,2.082199774094107,2.082199774094107,test,Random Forest,172.0,test_2024_con_prediccion,False,True,False,False,False,False,False,seguimiento_regular,"El programa MEDICINA de UNIVERSIDAD EL BOSQUE en BOGOTÁ D.C., BOGOTÁ, presenta categoría 'seguimiento_regular'. La evidencia reciente corresponde al año 2024: PROMEDIO_GLOBAL observado=172.00. El modelo limpio predijo 169.92 en test 2024 con error absoluto=2.08. Frente al año anterior, la variación fue -2.00 puntos y el promedio móvil de 2 años previo fue 173.50. La volatilidad histórica reciente fue 0.71. Recomendación: mantener seguimiento regular; no se observan señales extremas con las reglas actuales. Esta lectura es descriptiva y no demuestra causalidad."
2024,6.0,PACÍFICA,25.0,VALLE,1010.0,CALI,9224.0,UNIVERSIDAD ICESI,5829.0,MEDICINA,193.0,186.0,7.0,3.763440860215054,186.5,0.7071067811865476,-1.0,4,180.9355117616708,True,193.0,180.9355117616708,12.064488238329204,12.064488238329204,test,Random Forest,193.0,test_2024_con_prediccion,False,True,False,True,False,False,True,revisar_incertidumbre_modelo,"El programa MEDICINA de UNIVERSIDAD ICESI en CALI, VALLE, presenta categoría 'revisar_incertidumbre_modelo'. La evidencia reciente corresponde al año 2024: PROMEDIO_GLOBAL observado=193.00. El modelo limpio predijo 180.94 en test 2024 con error absoluto=12.06. Frente al año anterior, la variación fue 7.00 puntos y el promedio móvil de 2 años previo fue 186.50. La volatilidad histórica reciente fue 0.71. Recomendación: revisar este caso antes de usar la predicción, porque el error observado del modelo fue alto frente al resto del test. Esta lectura es descriptiva y no demuestra causalidad."
2024,2.0,ANDINA,22.0,SANTANDER,850.0,BUCARAMANGA,9174.0,UNIVERSIDAD INDUSTRIAL DE SANTANDER,6056.0,MEDICINA,190.0,183.0,7.0,3.825136612021858,175.0,11.313708498984761,1.0,4,175.91242461392187,True,190.0,175.91242461392187,14.087575386078129,14.087575386078129,test,Random Forest,190.0,test_2024_con_prediccion,False,True,False,True,True,False,True,revisar_incertidumbre_modelo,"El programa MEDICINA de UNIVERSIDAD INDUSTRIAL DE SANTANDER en BUCARAMANGA, SANTANDER, presenta categoría 'revisar_incertidumbre_modelo'. La evidencia reciente corresponde al año 2024: PROMEDIO_GLOBAL observado=190.00. El modelo limpio predijo 175.91 en test 2024 con error absoluto=14.09. Frente al año anterior, la variación fue 7.00 puntos y el promedio móvil de 2 años previo fue 175.00. La volatilidad histórica reciente fue 11.31. Recomendación: revisar este caso antes de usar la predicción, porque el error observado del modelo fue alto frente al resto del test. Esta lectura es descriptiva y no demuestra causalidad."
2024,6.0,PACÍFICA,25.0,VALLE,1010.0,CALI,8985.0,UNIVERSIDAD LIBRE,2768.0,MEDICINA,168.0,167.0,1.0,0.5988023952095809,166.5,0.7071067811865476,-3.0,4,165.5320014551341,True,168.0,165.5320014551341,2.4679985448659068,2.4679985448659068,test,Random Forest,168.0,test_2024_con_prediccion,False,False,False,False,False,True,False,estable,"El programa MEDICINA de UNIVERSIDAD LIBRE en CALI, VALLE, presenta categoría 'estable'. La evidencia reciente corresponde al año 2024: PROMEDIO_GLOBAL observado=168.00. El modelo limpio predijo 165.53 en test 2024 con error absoluto=2.47. Frente al año anterior, la variación fue 1.00 puntos y el promedio móvil de 2 años previo fue 166.50. La volatilidad histórica reciente fue 0.71. Recomendación: mantener seguimiento periódico; el comportamiento reciente es relativamente estable. Esta lectura es descriptiva y no demuestra causalidad."
2024,3.0,CARIBE,2.0,ATLANTICO,126.0,BARRANQUILLA,8985.0,UNIVERSIDAD LIBRE,6058.0,MEDICINA,163.0,162.0,1.0,0.6172839506172839,160.5,2.1213203435596424,-4.0,4,157.9619042148246,True,163.0,157.9619042148246,5.038095785175386,5.038095785175386,test,Random Forest,163.0,test_2024_con_prediccion,False,False,False,False,False,False,False,seguimiento_regular,"El programa MEDICINA de UNIVERSIDAD LIBRE en BARRANQUILLA, ATLANTICO, presenta categoría 'seguimiento_regular'. La evidencia reciente corresponde al año 2024: PROMEDIO_GLOBAL observado=163.00. El modelo limpio predijo 157.96 en test 2024 con error absoluto=5.04. Frente al año anterior, la variación fue 1.00 puntos y el promedio móvil de 2 años previo fue 160.50. La volatilidad histórica reciente fue 2.12. Recomendación: mantener seguimiento regular; no se observan señales extremas con las reglas actuales. Esta lectura es descriptiva y no demuestra causalidad."
2024,3.0,CARIBE,2.0,ATLANTICO,126.0,BARRANQUILLA,8951.0,UNIVERSIDAD METROPOLITANA,4788.0,MEDICINA,148.0,149.0,-1.0,-0.6711409395973155,149.0,0.0,6.0,4,145.09572194961163,True,148.0,145.09572194961163,2.9042780503883705,2.9042780503883705,test,Random Forest,148.0,test_2024_con_prediccion,True,False,False,False,False,True,False,desempeno_bajo,"El programa MEDICINA de UNIVERSIDAD METROPOLITANA en BARRANQUILLA, ATLANTICO, presenta categoría 'desempeno_bajo'. La evidencia reciente corresponde al año 2024: PROMEDIO_GLOBAL observado=148.00. El modelo limpio predijo 145.10 en test 2024 con error absoluto=2.90. Frente al año anterior, la variación fue -1.00 puntos y el promedio móvil de 2 años previo fue 149.00. La volatilidad histórica reciente fue 0.00. Recomendación: monitorear el desempeño y contrastar con factores institucionales antes de definir acciones. Esta lectura es descriptiva y no demuestra causalidad."
2024,2.0,ANDINA,4.0,BOGOTÁ,152.0,BOGOTÁ D.C.,9005.0,UNIVERSIDAD MILITAR-NUEVA GRANADA,5873.0,MEDICINA,180.0,182.0,-2.0,-1.098901098901099,181.0,1.4142135623730951,2.0,4,177.15381204977072,True,180.0,177.15381204977072,2.846187950229279,2.846187950229279,test,Random Forest,180.0,test_2024_con_prediccion,False,True,False,False,False,False,False,seguimiento_regular,"El programa MEDICINA de UNIVERSIDAD MILITAR-NUEVA GRANADA en BOGOTÁ D.C., BOGOTÁ, presenta categoría 'seguimiento_regular'. La evidencia reciente corresponde al año 2024: PROMEDIO_GLOBAL observado=180.00. El modelo limpio predijo 177.15 en test 2024 con error absoluto=2.85. Frente al año anterior, la variación fue -2.00 puntos y el promedio móvil de 2 años previo fue 181.00. La volatilidad histórica reciente fue 1.41. Recomendación: mantener seguimiento regular; no se observan señales extremas con las reglas actuales. Esta lectura es descriptiva y no demuestra causalidad."
2024,2.0,ANDINA,4.0,BOGOTÁ,152.0,BOGOTÁ D.C.,8964.0,UNIVERSIDAD NACIONAL DE COLOMBIA,5658.0,MEDICINA,191.0,186.0,5.0,2.6881720430107525,186.5,0.7071067811865476,1.0,4,181.5920871530976,True,191.0,181.5920871530976,9.407912846902406,9.407912846902406,test,Random Forest,191.0,test_2024_con_prediccion,False,True,False,True,False,False,True,revisar_incertidumbre_modelo,"El programa MEDICINA de UNIVERSIDAD NACIONAL DE COLOMBIA en BOGOTÁ D.C., BOGOTÁ, presenta categoría 'revisar_incertidumbre_modelo'. La evidencia reciente corresponde al año 2024: PROMEDIO_GLOBAL observado=191.00. El modelo limpio predijo 181.59 en test 2024 con error absoluto=9.41. Frente al año anterior, la variación fue 5.00 puntos y el promedio móvil de 2 años previo fue 186.50. La volatilidad histórica reciente fue 0.71. Recomendación: revisar este caso antes de usar la predicción, porque el error observado del modelo fue alto frente al resto del test. Esta lectura es descriptiva y no demuestra causalidad."
2024,2.0,ANDINA,6.0,BOYACA,199.0,TUNJA,9095.0,UNIVERSIDAD PEDAGOGICA Y TECNOLOGICA DE COLOMBIA,6921.0,MEDICINA,174.0,175.0,-1.0,-0.5714285714285714,176.0,1.4142135623730951,2.0,4,170.25737892502667,True,174.0,170.25737892502667,3.7426210749733286,3.7426210749733286,test,Random Forest,174.0,test_2024_con_prediccion,False,True,False,False,False,False,False,seguimiento_regular,"El programa MEDICINA de UNIVERSIDAD PEDAGOGICA Y TECNOLOGICA DE COLOMBIA en TUNJA, BOYACA, presenta categoría 'seguimiento_regular'. La evidencia reciente corresponde al año 2024: PROMEDIO_GLOBAL observado=174.00. El modelo limpio predijo 170.26 en test 2024 con error absoluto=3.74. Frente al año anterior, la variación fue -1.00 puntos y el promedio móvil de 2 años previo fue 176.00. La volatilidad histórica reciente fue 1.41. Recomendación: mantener seguimiento regular; no se observan señales extremas con las reglas actuales. Esta lectura es descriptiva y no demuestra causalidad."
2024,2.0,ANDINA,1.0,ANTIOQUIA,1.0,MEDELLÍN,8908.0,UNIVERSIDAD PONTIFICIA BOLIVARIANA,2481.0,MEDICINA,183.0,181.0,2.0,1.1049723756906076,182.5,2.1213203435596424,-3.0,4,178.4235522232069,True,183.0,178.4235522232069,4.5764477767930885,4.5764477767930885,test,Random Forest,183.0,test_2024_con_prediccion,False,True,False,False,False,False,False,seguimiento_regular,"El programa MEDICINA de UNIVERSIDAD PONTIFICIA BOLIVARIANA en MEDELLÍN, ANTIOQUIA, presenta categoría 'seguimiento_regular'. La evidencia reciente corresponde al año 2024: PROMEDIO_GLOBAL observado=183.00. El modelo limpio predijo 178.42 en test 2024 con error absoluto=4.58. Frente al año anterior, la variación fue 2.00 puntos y el promedio móvil de 2 años previo fue 182.50. La volatilidad histórica reciente fue 2.12. Recomendación: mantener seguimiento regular; no se observan señales extremas con las reglas actuales. Esta lectura es descriptiva y no demuestra causalidad."
2024,6.0,PACÍFICA,25.0,VALLE,1010.0,CALI,9226.0,UNIVERSIDAD SANTIAGO DE CALI,6063.0,MEDICINA,156.0,156.0,0.0,0.0,154.0,2.8284271247461903,11.0,4,151.32157850171333,True,156.0,151.32157850171333,4.678421498286667,4.678421498286667,test,Random Forest,156.0,test_2024_con_prediccion,False,False,False,False,True,False,False,alta_volatilidad,"El programa MEDICINA de UNIVERSIDAD SANTIAGO DE CALI en CALI, VALLE, presenta categoría 'alta_volatilidad'. La evidencia reciente corresponde al año 2024: PROMEDIO_GLOBAL observado=156.00. El modelo limpio predijo 151.32 en test 2024 con error absoluto=4.68. Frente al año anterior, la variación fue 0.00 puntos y el promedio móvil de 2 años previo fue 154.00. La volatilidad histórica reciente fue 2.83. Recomendación: interpretar con cautela y revisar estabilidad de cohortes, porque la variabilidad histórica reciente es alta. Esta lectura es descriptiva y no demuestra causalidad."
2024,6.0,PACÍFICA,25.0,VALLE,1036.0,PALMIRA,9226.0,UNIVERSIDAD SANTIAGO DE CALI,7020.0,MEDICINA,146.0,151.0,-5.0,-3.3112582781456954,148.0,4.242640687119285,2.0,4,147.49444843146313,True,146.0,147.49444843146313,-1.4944484314631268,1.4944484314631268,test,Random Forest,146.0,test_2024_con_prediccion,True,False,True,False,True,False,False,riesgo_prioritario,"El programa MEDICINA de UNIVERSIDAD SANTIAGO DE CALI en PALMIRA, VALLE, presenta categoría 'riesgo_prioritario'. La evidencia reciente corresponde al año 2024: PROMEDIO_GLOBAL observado=146.00. El modelo limpio predijo 147.49 en test 2024 con error absoluto=1.49. Frente al año anterior, la variación fue -5.00 puntos y el promedio móvil de 2 años previo fue 148.00. La volatilidad histórica reciente fue 4.24. Recomendación: priorizar revisión académica y seguimiento, porque combina bajo desempeño relativo con señal descendente reciente. Esta lectura es descriptiva y no demuestra causalidad."
2024,3.0,CARIBE,2.0,ATLANTICO,126.0,BARRANQUILLA,8939.0,UNIVERSIDAD SIMON BOLIVAR,4973.0,MEDICINA,159.0,160.0,-1.0,-0.625,153.0,9.899494936611665,6.0,4,154.34303801049109,True,159.0,154.34303801049109,4.656961989508915,4.656961989508915,test,Random Forest,159.0,test_2024_con_prediccion,False,False,False,False,True,False,False,alta_volatilidad,"El programa MEDICINA de UNIVERSIDAD SIMON BOLIVAR en BARRANQUILLA, ATLANTICO, presenta categoría 'alta_volatilidad'. La evidencia reciente corresponde al año 2024: PROMEDIO_GLOBAL observado=159.00. El modelo limpio predijo 154.34 en test 2024 con error absoluto=4.66. Frente al año anterior, la variación fue -1.00 puntos y el promedio móvil de 2 años previo fue 153.00. La volatilidad histórica reciente fue 9.90. Recomendación: interpretar con cautela y revisar estabilidad de cohortes, porque la variabilidad histórica reciente es alta. Esta lectura es descriptiva y no demuestra causalidad."
2024,2.0,ANDINA,14.0,HUILA,609.0,NEIVA,9133.0,UNIVERSIDAD SURCOLOMBIANA,1887.0,MEDICINA,168.0,163.0,5.0,3.067484662576687,162.5,0.7071067811865476,-3.0,4,159.26441477730418,True,168.0,159.26441477730418,8.735585222695818,8.735585222695818,test,Random Forest,168.0,test_2024_con_prediccion,False,False,False,True,False,False,True,revisar_incertidumbre_modelo,"El programa MEDICINA de UNIVERSIDAD SURCOLOMBIANA en NEIVA, HUILA, presenta categoría 'revisar_incertidumbre_modelo'. La evidencia reciente corresponde al año 2024: PROMEDIO_GLOBAL observado=168.00. El modelo limpio predijo 159.26 en test 2024 con error absoluto=8.74. Frente al año anterior, la variación fue 5.00 puntos y el promedio móvil de 2 años previo fue 162.50. La volatilidad histórica reciente fue 0.71. Recomendación: revisar este caso antes de usar la predicción, porque el error observado del modelo fue alto frente al resto del test. Esta lectura es descriptiva y no demuestra causalidad."
2024,2.0,ANDINA,21.0,RISARALDA,836.0,PEREIRA,9166.0,UNIVERSIDAD TECNOLOGICA DE PEREIRA,1021.0,MEDICINA,171.0,175.0,-4.0,-2.2857142857142856,174.5,0.7071067811865476,-10.0,4,170.21611367857724,True,171.0,170.21611367857724,0.7838863214227558,0.7838863214227558,test,Random Forest,171.0,test_2024_con_prediccion,False,True,True,False,False,False,False,tendencia_descendente,"El programa MEDICINA de UNIVERSIDAD TECNOLOGICA DE PEREIRA en PEREIRA, RISARALDA, presenta categoría 'tendencia_descendente'. La evidencia reciente corresponde al año 2024: PROMEDIO_GLOBAL observado=171.00. El modelo limpio predijo 170.22 en test 2024 con error absoluto=0.78. Frente al año anterior, la variación fue -4.00 puntos y el promedio móvil de 2 años previo fue 174.50. La volatilidad histórica reciente fue 0.71. Recomendación: analizar causas posibles con evidencia externa, porque el modelo solo identifica una señal descendente, no causalidad. Esta lectura es descriptiva y no demuestra causalidad."
